Title,Year,Genres,Rating,Runtime,Director,Writer,Actors,Plot,Language,Country
Spider-Man: Across the Spider-Verse,2023,"Animation, Action, Adventure, Science Fiction",8.3,140,Kemp Powers,Phil Lord,"Shameik Moore, Hailee Steinfeld, Brian Tyree Henry","After reuniting with Gwen Stacy, Brooklyn’s full-time, friendly neighborhood Spider-Man is catapulted across the Multiverse, where he encounters the Spider Society, a team of Spider-People charged with protecting the Multiverse’s very existence. But when the heroes clash on how to handle a new threat, Miles finds himself pitted against the other Spiders and must set out on his own to save those he loves most.",en,US
Once Upon a Studio,2023,"Animation, Family, Fantasy, Comedy",8.29,9,Dan Abraham,Dan Abraham,"Chris Diamantopoulos, Kaitlyn Robrock, Tony Anselmo","Created for Disney's 100th anniversary, the short features Mickey Mouse corralling a gallery of legendary Disney characters for a group photo.",en,US
TAYLOR SWIFT | THE ERAS TOUR,2023,Music,8.245,169,Sam Wrench,Taylor Swift,"Taylor Swift, Mike Meadows, Max Bernstein","The cultural phenomenon continues on the big screen! Immerse yourself in this once-in-a-lifetime concert film experience with a breathtaking, cinematic view of the history-making tour.",en,US
Oppenheimer,2023,"Drama, History",8.071,181,Christopher Nolan,Christopher Nolan,"Cillian Murphy, Emily Blunt, Matt Damon",The story of J. Robert Oppenheimer's role in the development of the atomic bomb during World War II.,en,US
Guardians of the Galaxy Vol. 3,2023,"Science Fiction, Adventure, Action",8.0,150,James Gunn,James Gunn,"Chris Pratt, Zoe Saldaña, Dave Bautista","Peter Quill, still reeling from the loss of Gamora, must rally his team around him to defend the universe along with protecting one of their own. A mission that, if not completed successfully, could quite possibly lead to the end of the Guardians as we know them.",en,US
White Bird,2023,Drama,8.0,121,Marc Forster,,"Ariella Glaser, Orlando Schwerdt, Bryce Gheisar","After being expelled from Beecher Prep for his treatment of a classmate with a facial deformity, Julian has struggled to fit in at his new school. To transform his life, Julian's grandmother finally reveals her own story of courage of her youth in Nazi-occupied France, where a classmate shelters her from mortal danger.",en,US
Flamin' Hot,2023,"Drama, History",8.0,99,Eva Longoria,,"Jesse Garcia, Annie Gonzalez, Emilio Rivera","The inspiring true story of Richard Montañez, the Frito Lay janitor who channeled his Mexican American heritage and upbringing to turn the iconic Flamin' Hot Cheetos into a snack that disrupted the food industry and became a global pop culture phenomenon.",en,US
"Red, White & Royal Blue",2023,"Comedy, Romance",7.987,121,Matthew López,,"Taylor Zakhar Perez, Nicholas Galitzine, Uma Thurman","After an altercation between Alex, the president's son, and Britain's Prince Henry at a royal event becomes tabloid fodder, their long-running feud now threatens to drive a wedge in U.S./British relations. When the rivals are forced into a staged truce, their icy relationship begins to thaw and the friction between them sparks something deeper than they ever expected.",en,US
Nimona,2023,"Animation, Family, Action, Science Fiction, Adventure, Fantasy, Drama",7.881,99,Nick Bruno,,"Chloë Grace Moretz, Riz Ahmed, Eugene Lee Yang","A knight framed for a tragic crime teams with a scrappy, shape-shifting teen to prove his innocence.",en,US
Shooting Stars,2023,"Drama, History",7.8,116,Chris Robinson,,"Mookie Cook, Dermot Mulroney, Wood Harris","The inspiring origin story of a basketball superhero, revealing how LeBron James and his childhood friends become the #1 high school team in the country, launching James's breathtaking career as a four-time NBA Champion, two-time Olympic Gold Medalist and the NBA's all-time leading scorer.",en,US
One Life,2023,"History, Drama",7.789,109,James Hawes,,"Anthony Hopkins, Johnny Flynn, Lena Olin","British stockbroker Nicholas Winton visits Czechoslovakia in the 1930s and forms plans to assist in the rescue of Jewish children before the onset of World War II, in an operation that came to be known as the Kindertransport.",en,GB
Gran Turismo,2023,"Adventure, Action, Drama",7.766,135,Neill Blomkamp,,"Archie Madekwe, David Harbour, Orlando Bloom",The ultimate wish-fulfillment tale of a teenage Gran Turismo player whose gaming skills won him a series of Nissan competitions to become an actual professional racecar driver.,en,US
Guy Ritchie's The Covenant,2023,"War, Action, Thriller",7.758,123,Guy Ritchie,,"Jake Gyllenhaal, Dar Salim, Sean Sagar","During the war in Afghanistan, a local interpreter risks his own life to carry an injured sergeant across miles of grueling terrain.",en,US
Past Lives,2023,"Drama, Romance",7.745,106,Celine Song,,"Greta Lee, Teo Yoo, John Magaro","Nora and Hae Sung, two childhood friends, are reunited in New York for one fateful week as they confront notions of destiny, love, and the choices that make a life.",en,US
Poor Things,2023,"Science Fiction, Romance, Comedy",7.706,141,Yorgos Lanthimos,,"Emma Stone, Mark Ruffalo, Willem Dafoe","Brought back to life by an unorthodox scientist, a young woman runs off with a lawyer on a whirlwind adventure across the continents. Free from the prejudices of her times, she grows steadfast in her purpose to stand for equality and liberation.",en,US
Craig Before the Creek,2023,"Animation, Family, TV Movie, Adventure, Comedy, Fantasy",7.7,88,Matt Burnett,,"Philip Solomon, Noël Wells, Michael Croner","Before he was Craig of the Creek, he was just Craig — a new kid in a new town. All Craig wants is to go back to his old friends at his old home. But when he learns that the nearby creek is hiding a lost treasure that could make his wish come true, Craig sets off on a journey to find it — navigating the perilous suburban wilderness, forging new friendships, all while being pursued by a fearsome band of pirates who are bent on destroying the Creek itself.",en,US
The Holdovers,2023,"Comedy, Drama",7.7,133,Alexander Payne,David Hemingson,"Paul Giamatti, Dominic Sessa, Da'Vine Joy Randolph","A curmudgeonly instructor at a New England prep school is forced to remain on campus during Christmas break to babysit the handful of students with nowhere to go. Eventually, he forms an unlikely bond with one of them — a damaged, brainy troublemaker — and with the school’s head cook, who has just lost a son in Vietnam.",en,US
John Wick: Chapter 4,2023,"Action, Thriller, Crime",7.7,170,Chad Stahelski,Michael Finch,"Keanu Reeves, Donnie Yen Chi-Tan, Bill Skarsgård","With the price on his head ever increasing, John Wick uncovers a path to defeating The High Table. But before he can earn his freedom, Wick must face off against a new enemy with powerful alliances across the globe and forces that turn old friends into foes.",en,US
The Hill,2023,"History, Drama",7.7,121,Jeff Celentano,Angelo Pizzo,"Colin Ford, Dennis Quaid, Joelle Carter","The story of Rickey Hill, who overcomes his physical disability and repairs his relationship with his father in a quest to become a major league baseball (MLB) player.",en,US
South Park: Joining the Panderverse,2023,"Animation, Comedy, Science Fiction, TV Movie",7.7,49,Trey Parker,Trey Parker,"Trey Parker, Matt Stone, Janeshia Adams-Ginyard","Cartman's deeply disturbing dreams portend the end of the life he knows and loves. Meanwhile, the adults in South Park are wrestling with their own life decisions, as the advent of AI is turning their world upside down.",en,US
Tetris,2023,"Thriller, History, Drama",7.695,118,Jon S. Baird,Noah Pink,"Taron Egerton, Nikita Efremov, Sofia Lebedeva","In 1988, American video game salesman Henk Rogers discovers the video game Tetris. When he sets out to bring the game to the world, he enters a dangerous web of lies and corruption behind the Iron Curtain.",en,GB
Elemental,2023,"Animation, Comedy, Family, Fantasy, Romance",7.617,102,Peter Sohn,,"Leah Lewis, Mamoudou Athie, Ronnie del Carmen","In a city where fire, water, land and air residents live together, a fiery young woman and a go-with-the-flow guy will discover something elemental: how much they have in common.",en,US
The Super Mario Bros. Movie,2023,"Animation, Family, Adventure, Fantasy, Comedy",7.6,93,Aaron Horvath,Matthew Fogel,"Chris Pratt, Anya Taylor-Joy, Charlie Day","While working underground to fix a water main, Brooklyn plumbers—and brothers—Mario and Luigi are transported down a mysterious pipe and wander into a magical new world. But when the brothers are separated, Mario embarks on an epic quest to find Luigi.",en,US
The Iron Claw,2023,"History, Drama",7.54,132,Sean Durkin,Sean Durkin,"Zac Efron, Jeremy Allen White, Harris Dickinson","The true story of the inseparable Von Erich brothers, who made history in the intensely competitive world of professional wrestling in the early 1980s. Through tragedy and triumph, under the shadow of their domineering father and coach, the brothers seek larger-than-life immortality on the biggest stage in sports.",en,US
Carl's Date,2023,"Animation, Adventure, Family, Comedy",7.5,9,Bob Peterson,Bob Peterson,"Ed Asner, Bob Peterson","Carl Fredricksen reluctantly agrees to go on a date with a lady friend—but admittedly has no idea how dating works these days. Ever the helpful friend, Dug steps in to calm Carl's pre-date jitters and offer some tried-and-true tips for making friends—if you're a dog.",en,US
Big George Foreman,2023,"History, Drama",7.5,129,George Tillman Jr.,,"Khris Davis, Forest Whitaker, Sullivan Jones","Fueled by an impoverished childhood, George Foreman channeled his anger into becoming an Olympic Gold medalist and World Heavyweight Champion, followed by a near-death experience that took him from the boxing ring to the pulpit. But when he sees his community struggling spiritually and financially, Foreman returns to the ring and makes history by reclaiming his title, becoming the oldest and most improbable World Heavyweight Boxing Champion ever.",en,US
Mission: Impossible - Dead Reckoning Part One,2023,"Action, Adventure",7.5,164,Christopher McQuarrie,Christopher McQuarrie,"Tom Cruise, Hayley Atwell, Ving Rhames","Ethan Hunt and his IMF team embark on their most dangerous mission yet: To track down a terrifying new weapon that threatens all of humanity before it falls into the wrong hands. With control of the future and the world's fate at stake and dark forces from Ethan's past closing in, a deadly race around the globe begins. Confronted by a mysterious, all-powerful enemy, Ethan must consider that nothing can matter more than his mission—not even the lives of those he cares about most.",en,US
Teen Wolf: The Movie,2023,"Action, Fantasy, TV Movie",7.5,140,Russell Mulcahy,,"Tyler Posey, Crystal Reed, Holland Roden","The wolves are howling once again, as a terrifying ancient evil emerges in Beacon Hills. Scott McCall, no longer a teenager yet still an Alpha, must gather new allies and reunite trusted friends to fight back against this powerful and deadly enemy.",en,US
All of Us Strangers,2023,"Romance, Drama, Fantasy",7.475,105,Andrew Haigh,Andrew Haigh,"Andrew Scott, Paul Mescal, Carter John Grout","One night in his near-empty tower block in contemporary London, Adam has a chance encounter with a mysterious neighbor Harry, which punctures the rhythm of his everyday life.",en,US
Killers of the Flower Moon,2023,"Crime, History, Drama",7.439,206,Martin Scorsese,,"Leonardo DiCaprio, Robert De Niro, Lily Gladstone","When oil is discovered in 1920s Oklahoma under Osage Nation land, the Osage people are murdered one by one—until the FBI steps in to unravel the mystery.",en,US
Extraction 2,2023,"Action, Thriller",7.432,122,Sam Hargrave,Joe Russo,"Chris Hemsworth, Golshifteh Farahani, Adam Bessa","Back from the brink of death, highly skilled commando Tyler Rake takes on another dangerous mission: saving the imprisoned family of a ruthless gangster.",en,US
Migration,2023,"Animation, Adventure, Comedy, Family",7.412,83,Benjamin Renner,,"Kumail Nanjiani, Elizabeth Banks, Caspar Jennings","After a migrating duck family alights on their pond with thrilling tales of far-flung places, the Mallard family embarks on a family road trip, from New England, to New York City, to tropical Jamaica.",en,US
Missing,2023,"Drama, Mystery, Thriller",7.4,111,Will Merrick,,"Storm Reid, Joaquim de Almeida, Ken Leung","When her mother disappears while on vacation in Colombia with her new boyfriend, June’s search for answers is hindered by international red tape. Stuck thousands of miles away in Los Angeles, June creatively uses all the latest technology at her fingertips to try and find her before it’s too late. But as she digs deeper, her digital sleuthing raises more questions than answers... and when June unravels secrets about her mom, she discovers that she never really knew her at all.",en,US
Leo,2023,"Animation, Comedy, Family",7.4,102,David Wachtenheim,Robert Smigel,"Adam Sandler, Bill Burr, Cecily Strong","Jaded 74-year-old lizard Leo has been stuck in the same Florida classroom for decades with his terrarium-mate turtle. When he learns he only has one year left to live, he plans to escape to experience life on the outside but instead gets caught up in the problems of his anxious students — including an impossibly mean substitute teacher.",en,US
The Equalizer 3,2023,"Action, Thriller, Crime",7.319,109,Antoine Fuqua,Richard Wenk,"Denzel Washington, Dakota Fanning, Eugenio Mastrandrea","Robert McCall finds himself at home in Southern Italy but he discovers his friends are under the control of local crime bosses. As events turn deadly, McCall knows what he has to do: become his friends' protector by taking on the mafia.",en,US
American Fiction,2023,"Comedy, Drama",7.318,117,Cord Jefferson,Cord Jefferson,"Jeffrey Wright, John Ortiz, Erika Alexander","A novelist fed up with the establishment profiting from ""Black"" entertainment uses a pen name to write a book that propels him into the heart of hypocrisy and the madness he claims to disdain.",en,US
Warhorse One,2023,"Action, War, Drama",7.3,125,Johnny Strong,Johnny Strong,"Johnny Strong, Athena Durner, Raj Kala",A gunned down Navy SEAL Master Chief must guide a child to safety through a gauntlet of hostile Taliban insurgents and survive the brutal Afghanistan wilderness.,en,US
Air,2023,"Drama, History",7.3,111,Ben Affleck,Alex Convery,"Matt Damon, Ben Affleck, Jason Bateman",Discover the game-changing partnership between a then undiscovered Michael Jordan and Nike's fledgling basketball division which revolutionized the world of sports and culture with the Air Jordan brand.,en,US
Trolls Band Together,2023,"Animation, Family, Music, Fantasy, Comedy",7.3,91,Walt Dohrn,Elizabeth Tippet,"Anna Kendrick, Justin Timberlake, Camila Cabello","When Branch's brother, Floyd, is kidnapped for his musical talents by a pair of nefarious pop-star villains, Branch and Poppy embark on a harrowing and emotional journey to reunite the other brothers and rescue Floyd from a fate even worse than pop-culture obscurity.",en,US
The Family Plan,2023,"Action, Comedy",7.253,118,Simon Cellan Jones,David Coggeshall,"Mark Wahlberg, Michelle Monaghan, Maggie Q","Dan Morgan is many things: a devoted husband, a loving father, a celebrated car salesman. He's also a former assassin. And when his past catches up to his present, he's forced to take his unsuspecting family on a road trip unlike any other.",en,US
The Last Kingdom: Seven Kings Must Die,2023,"Action, Adventure, War",7.248,111,Edward Bazalgette,Martha Hillier,"Alexander Dreymon, Harry Gilby, Mark Rowley","In the wake of King Edward's death, Uhtred of Bebbanburg and his comrades adventure across a fractured kingdom in the hopes of uniting England at last.",en,GB
Love at First Sight,2023,"Romance, Drama",7.244,91,Vanessa Caswill,,"Haley Lu Richardson, Ben Hardy, Rob Delaney","Hadley and Oliver begin falling in love on a flight from New York to London, but when they lose each other at customs, can they defy all odds to reunite?",en,US
The Wonderful Story of Henry Sugar,2023,"Comedy, Fantasy, Adventure",7.232,39,Wes Anderson,Wes Anderson,"Ralph Fiennes, Benedict Cumberbatch, Dev Patel",A rich man learns about a guru who can see without using his eyes. He sets out to master the skill in order to cheat at gambling.,en,US
Strays,2023,"Comedy, Adventure",7.232,93,Josh Greenbaum,Dan Perrault,"Will Ferrell, Jamie Foxx, Isla Fisher","When Reggie is abandoned on the mean city streets by his lowlife owner, Doug, Reggie is certain that his beloved owner would never leave him on purpose. But once Reggie falls in with Bug, a fast-talking, foul-mouthed stray who loves his freedom and believes that owners are for suckers, Reggie finally realizes he was in a toxic relationship and begins to see Doug for the heartless sleazeball that he is.",en,US
Teenage Mutant Ninja Turtles: Mutant Mayhem,2023,"Animation, Comedy, Action, Science Fiction",7.2,100,Jeff Rowe,,"Micah Abbey, Shamon Brown Jr., Nicolas Cantu","After years of being sheltered from the human world, the Turtle brothers set out to win the hearts of New Yorkers and be accepted as normal teenagers through heroic acts. Their new friend April O'Neil helps them take on a mysterious crime syndicate, but they soon get in over their heads when an army of mutants is unleashed upon them.",en,US
The Girl Who Escaped: The Kara Robinson Story,2023,"Thriller, Drama, Crime, TV Movie",7.2,88,Simone Stock,Haley Harris,"Katie Douglas, Cara Buono, Kristian Bruun","The true story of how Kara Robinson was kidnapped, assaulted and held captive for 18 hours, 15-year-old Kara Robinson plots a daring escape from a serial killer's apartment.",en,US
Battle Over Britain,2023,War,7.2,80,Callum Burn,Callum Burn,"Arnold Voysey, Vin Hawke, Hannah Harris","A young pilot, fresh out of training, is called to join a Flight while they wait for the call to scramble. Throughout a single day, he witnesses the skies of southern England filled with deadly dog fights, and after every exhausting battle the men return to their dispersal hut, only to find another of their number missing. Unwilling to surrender, the pilot and his comrades unite to take to the skies once more, determined to defend not only the airfield, but their entire country.",en,GB
The Old Oak,2023,Drama,7.2,113,Ken Loach,,"Dave Turner, Ebla Mari, Claire Rodgerson","A pub landlord in a previously thriving mining community struggles to hold onto his pub. Meanwhile, tensions rise in the town when Syrian refugees are placed in the empty houses in the community.",en,GB
Saw X,2023,"Horror, Mystery, Thriller",7.2,118,Kevin Greutert,Pete Goldfinger,"Tobin Bell, Shawnee Smith, Synnøve Macody Lund","Between the events of 'Saw' and 'Saw II', a sick and desperate John Kramer travels to Mexico for a risky and experimental medical procedure in hopes of a miracle cure for his cancer, only to discover the entire operation is a scam to defraud the most vulnerable. Armed with a newfound purpose, the infamous serial killer returns to his work, turning the tables on the con artists in his signature visceral way through devious, deranged, and ingenious traps.",en,US
"Ruby Gillman, Teenage Kraken",2023,"Animation, Family, Fantasy, Comedy",7.2,91,Kirk DeMicco,Pam Brady,"Lana Condor, Toni Collette, Annie Murphy","Ruby Gillman, a sweet and awkward high school student, discovers she's a direct descendant of the warrior kraken queens. The kraken are sworn to protect the oceans of the world against the vain, power-hungry mermaids. Destined to inherit the throne from her commanding grandmother, Ruby must use her newfound powers to protect those she loves most.",en,US
Transformers: Rise of the Beasts,2023,"Science Fiction, Adventure, Action",7.2,127,Steven Caple Jr.,,"Anthony Ramos, Dominique Fishback, Peter Cullen","When a new threat capable of destroying the entire planet emerges, Optimus Prime and the Autobots must team up with a powerful faction known as the Maximals. With the fate of humanity hanging in the balance, humans Noah and Elena will do whatever it takes to help the Transformers as they engage in the ultimate battle to save Earth.",en,US
Cheat,2023,"Thriller, Horror",7.2,85,Nick Psinakis,Kevin Ignatius,"Corin Clay, Mick Thyer, April Clark","On the surface it's believed to be another urban legend - a supernatural being from the afterlife is violently killing anyone who cheats on their significant other in the small college town of Silvercreek, Pennsylvania. But the town's unusually high suicide rate is finally convincing both locals and college students that everything is not as it seems. When Maeve - a female college student - sleeps with Charlie, the married man of the host family she is staying with, both sense the deadly curse is closing in on them. Unable to get anyone to believe them, Maeve and Charlie seek out a local history student to help find answers and figure out a way to defend themselves. It all comes undone, however, as several people are horrifically killed by the savage being - one-by-one at a rapid pace. Eventually, Maeve, Charlie and the few survivors band together in an attempt to defeat the monster once and for all.",en,US
Talk to Me,2023,Horror,7.157,95,Danny Philippou,Danny Philippou,"Sophie Wilde, Alexandra Jensen, Joe Bird","When a group of friends discover how to conjure spirits using an embalmed hand, they become hooked on the new thrill, until one of them goes too far and unleashes terrifying supernatural forces.",en,AU
Dora: Say Hola to Adventure!,2023,"Animation, Family",7.152,45,Don Kim,,"Diana Zermeño, Asher Colton Spence, Marc Weiner","It’s Dora, the world’s most famous exploradora, like you’ve never seen her before! Join her and ALL her friends for BRAND NEW, magical adventures in the rainforest!",en,US
The Other Zoey,2023,"Romance, Drama, Comedy",7.1,91,Sara Zandieh,Matthew Tabak,"Josephine Langford, Drew Starkey, Archie Renaux","Highly intelligent computer major Zoey Miller is uninterested in romantic love, but her life is turned upside down when Zack, the school's soccer star, gets amnesia and mistakes Zoey for his girlfriend.",en,US
The Color Purple,2023,Drama,7.1,141,Blitz Bazawule,,"Fantasia Barrino, Taraji P. Henson, Danielle Brooks","A decades-spanning tale of love and resilience and of one woman's journey to independence. Celie faces many hardships in her life, but ultimately finds extraordinary strength and hope in the unbreakable bonds of sisterhood.",en,US
Creed III,2023,"Drama, Action",7.1,116,Michael B. Jordan,,"Michael B. Jordan, Tessa Thompson, Jonathan Majors","After dominating the boxing world, Adonis Creed has thrived in his career and family life. When a childhood friend and former boxing prodigy, Damian Anderson, resurfaces after serving a long sentence in prison, he is eager to prove that he deserves his shot in the ring. The face-off between former friends is more than just a fight. To settle the score, Adonis must put his future on the line to battle Damian — a fighter with nothing to lose.",en,US
Fast X,2023,"Action, Crime, Thriller",7.1,142,Louis Leterrier,,"Vin Diesel, Michelle Rodriguez, Tyrese Gibson","Over many missions and against impossible odds, Dom Toretto and his family have outsmarted, out-nerved and outdriven every foe in their path. Now, they confront the most lethal opponent they've ever faced: A terrifying threat emerging from the shadows of the past who's fueled by blood revenge, and who is determined to shatter this family and destroy everything—and everyone—that Dom loves, forever.",en,US
BlackBerry,2023,Comedy,7.1,120,Matt Johnson,Matt Johnson,"Jay Baruchel, Glenn Howerton, Matt Johnson",Two mismatched entrepreneurs – egghead innovator Mike Lazaridis and cut-throat businessman Jim Balsillie – joined forces in an endeavour that was to become a worldwide hit in little more than a decade. The story of the meteoric rise and catastrophic demise of the world's first smartphone.,en,CA
Under the Boardwalk,2023,"Animation, Comedy, Family, Romance",7.1,83,David Soren,,"Keke Palmer, Michael Cera, Bobby Cannavale","Two crabs embark on an epic journey to get home after a storm sweeps them away. Their courage soon unites their families, paving the way for great summers to come.",en,US
Wonka,2023,"Comedy, Family, Fantasy",7.095,117,Paul King,,"Timothée Chalamet, Calah Lane, Keegan-Michael Key","Willy Wonka – chock-full of ideas and determined to change the world one delectable bite at a time – is proof that the best things in life begin with a dream, and if you’re lucky enough to meet Willy Wonka, anything is possible.",en,GB
The Creator,2023,"Science Fiction, Action, Adventure",7.069,134,Gareth Edwards,,"John David Washington, Madeleine Yuna Voyles, Gemma Chan","Amid a future war between the human race and the forces of artificial intelligence, a hardened ex-special forces agent grieving the disappearance of his wife, is recruited to hunt down and kill the Creator, the elusive architect of advanced AI who has developed a mysterious weapon with the power to end the war—and mankind itself.",en,US
The Zone of Interest,2023,"Drama, History, War",7.044,105,Jonathan Glazer,Jonathan Glazer,"Christian Friedel, Sandra Hüller, Johann Karthaus","The commandant of Auschwitz, Rudolf Höss, and his wife Hedwig, strive to build a dream life for their family in a house and garden next to the camp.",en,US
The Hunger Games: The Ballad of Songbirds & Snakes,2023,"Drama, Science Fiction, Action, Adventure, Thriller, War",7.041,157,Francis Lawrence,,"Tom Blyth, Rachel Zegler, Peter Dinklage","64 years before he becomes the tyrannical president of Panem, Coriolanus Snow sees a chance for a change in fortunes when he mentors Lucy Gray Baird, the female tribute from District 12.",en,US
Mr. Monk's Last Case: A Monk Movie,2023,"Comedy, Crime, Mystery, TV Movie",7.036,97,Randall Zisk,Andy Breckman,"Tony Shalhoub, Traylor Howard, Jason Gray-Stanford",Monk steps out of retirement as his stepdaughter's wedding turns tragic when her fiancé dies in a bungee jumping accident.,en,US
See You on Venus,2023,"Romance, Drama",7.0,95,Joaquín Llamas,,"Virginia Gardner, Alex Aiono, Eowyn Nyby Krieger","Mia and Kyle, two misfit American teens, travel to Spain in search of Mia's birth mother. As the pair road trip through the picturesque cities of Andalusia and fall in love, they discover that the most important question isn't who gave you life, but what you decide to do with it.",en,US
Justice League: Warworld,2023,"Animation, Action, Science Fiction, Adventure",7.0,90,Jeff Wamester,Jeremy Adams,"Jensen Ackles, Darren Criss, Stana Katic","Until now, the Justice League has been a loose association of superpowered individuals. But when they are swept away to Warworld, a place of unending brutal gladiatorial combat, Batman, Superman, Wonder Woman and the others must somehow unite to form an unbeatable resistance able to lead an entire planet to freedom.",en,US
Scream VI,2023,"Horror, Crime, Thriller",7.0,123,Matt Bettinelli-Olpin,Guy Busick,"Melissa Barrera, Jenna Ortega, Jasmin Savoy Brown","Following the latest Ghostface killings, the four survivors leave Woodsboro behind and start a fresh chapter.",en,US
Barbie,2023,"Comedy, Adventure",6.984,114,Greta Gerwig,Noah Baumbach,"Margot Robbie, Ryan Gosling, America Ferrera","Barbie and Ken are having the time of their lives in the colorful and seemingly perfect world of Barbie Land. However, when they get a chance to go to the real world, they soon discover the joys and perils of living among humans.",en,US
Chicken Run: Dawn of the Nugget,2023,"Family, Animation, Adventure, Comedy",6.983,101,Sam Fell,,"Thandiwe Newton, Zachary Levi, Bella Ramsey",A band of fearless chickens flock together to save poultry-kind from an unsettling new threat: a nearby farm that's cooking up something suspicious.,en,GB
The Pope's Exorcist,2023,"Horror, Thriller",6.966,103,Julius Avery,,"Russell Crowe, Daniel Zovatto, Alex Essoe","Father Gabriele Amorth, Chief Exorcist of the Vatican, investigates a young boy's terrifying possession and ends up uncovering a centuries-old conspiracy the Vatican has desperately tried to keep hidden.",en,US
Monster High 2,2023,"Fantasy, Science Fiction, Action, Adventure",6.941,94,Todd Holland,,"Miia Harris, Nayah Damasen, Ceci Balagot","As they enter sophomore year at Monster High, Clawdeen Wolf, Draculaura and Frankie Stein face new students, new powers, and an even bigger threat that could not only tear their friendship apart but could change the world forever.",en,CA
Sharper,2023,"Thriller, Crime, Drama",6.938,115,Benjamin Caron,Alessandro Tanaka,"Julianne Moore, Sebastian Stan, Justice Smith","A small, wealthy family in New York City gets progressively torn apart by secrets, lies, and the theft that orchestrates all of it.",en,US
Plane,2023,"Action, Adventure, Thriller",6.936,107,Jean-François Richet,,"Gerard Butler, Mike Colter, Tony Goldwyn","After a heroic job of successfully landing his storm-damaged aircraft in a war zone, a fearless pilot finds himself between the agendas of multiple militias planning to take the plane and its passengers hostage.",en,GB
Hidden Strike,2023,"Action, Comedy, Thriller",6.932,103,Scott Waugh,Arash Amel,"Jackie Chan, John Cena, Ma Xinrui",Two elite soldiers must escort civilians through a gauntlet of gunfire and explosions.,en,"US, CN"
Finestkind,2023,"Crime, Drama, Thriller",6.911,126,Brian Helgeland,Brian Helgeland,"Ben Foster, Toby Wallace, Jenna Ortega","Two brothers from opposite sides of the tracks are reunited as adults. Desperate circumstances force them into a deal with an organized crime syndicate in Boston, and a young woman gets caught in the middle.",en,US
Ghosted,2023,"Action, Comedy, Romance",6.9,117,Dexter Fletcher,Paul Wernick,"Chris Evans, Ana de Armas, Adrien Brody","Salt-of-the-earth Cole falls head over heels for enigmatic Sadie—but then makes the shocking discovery that she's a secret agent. Before they can decide on a second date, Cole and Sadie are swept away on an international adventure to save the world.",en,US
Anyone But You,2023,"Romance, Comedy",6.9,103,Will Gluck,,"Sydney Sweeney, Glen Powell, Mia Artemis","After an amazing first date, Bea and Ben’s fiery attraction turns ice cold — until they find themselves unexpectedly reunited at a destination wedding in Australia. So they do what any two mature adults would do: pretend to be a couple.",en,US
Making Squid Game: The Challenge,2023,Documentary,6.9,30,,,"Nicola Brown, Rikki Finlay, Tim Harcourt","Go behind the scenes and witness how the ""Squid Game""-inspired reality show transformed from a scripted drama to a cutthroat, nail-biting competition.",en,GB
After Everything,2023,"Romance, Drama",6.9,93,Castille Landon,,"Hero Fiennes Tiffin, Josephine Langford, Mimi Keene","Besieged by writer’s block and the crushing breakup with Tessa, Hardin travels to Portugal in search of a woman he wronged in the past – and to find himself. Hoping to win back Tessa, he realizes he needs to change his ways before he can make the ultimate commitment.",en,US
To Catch a Killer,2023,"Thriller, Crime, Drama",6.887,119,Damián Szifron,Damián Szifron,"Shailene Woodley, Ben Mendelsohn, Jovan Adepo",Baltimore. New Year's Eve. A talented but troubled police officer is recruited by the FBI's chief investigator to help profile and track down a mass murderer.,en,US
Totally Killer,2023,"Horror, Comedy, Science Fiction",6.842,105,Nahnatchka Khan,,"Kiernan Shipka, Olivia Holt, Troy Leigh-Anne Johnson","When the infamous ""Sweet Sixteen Killer"" returns 35 years after his first murder spree to claim another victim, 17-year-old Jamie accidentally travels back in time to 1987, determined to stop the killer before he can start.",en,US
Kandahar,2023,"Action, Thriller",6.836,119,Ric Roman Waugh,,"Gerard Butler, Navid Negahban, Travis Fimmel","After his mission is exposed, an undercover CIA operative stuck deep in hostile territory in Afghanistan must fight his way out, alongside his Afghan translator, to an extraction point in Kandahar, all whilst avoiding elite enemy forces and foreign spies tasked with hunting them down.",en,US
Priscilla,2023,"Drama, Romance",6.811,113,Sofia Coppola,Sofia Coppola,"Cailee Spaeny, Jacob Elordi, Ari Cohen","When teenage Priscilla Beaulieu meets Elvis Presley at a party, the man who is already a meteoric rock-and-roll superstar becomes someone entirely unexpected in private moments: a thrilling crush, an ally in loneliness, a vulnerable best friend.",en,US
Nefarious,2023,"Horror, Thriller",6.8,98,Cary Solomon,Cary Solomon,"Sean Patrick Flanery, Jordan Belfi, Tom Ohmer","On the day of his scheduled execution, a convicted serial killer gets a psychiatric evaluation during which he claims he is a demon, and further claims that before their time is over, the psychiatrist will commit three murders of his own.",en,US
Perfect Addiction,2023,"Drama, Romance",6.8,97,Castille Landon,,"Kiana Madeira, Ross Butler, Matthew Noszka",A female boxing trainer discovers that her champion cage-fighter boyfriend has been cheating on her with her sister and decides to seek revenge by training up his arch-rival to challenge him.,en,DE
The Last Voyage of the Demeter,2023,"Fantasy, Horror, Thriller",6.782,119,André Øvredal,,"Corey Hawkins, Aisling Franciosi, David Dastmalchian",The crew of the merchant ship Demeter attempts to survive the ocean voyage from Carpathia to London as they are stalked each night by a merciless presence onboard the ship.,en,US
Heart of Stone,2023,"Thriller, Action",6.781,122,Tom Harper,,"Gal Gadot, Jamie Dornan, Alia Bhatt",An intelligence operative for a shadowy global peacekeeping agency races to stop a hacker from stealing its most valuable — and dangerous — weapon.,en,US
No Hard Feelings,2023,"Comedy, Romance",6.754,104,Gene Stupnitsky,John Phillips,"Jennifer Lawrence, Andrew Barth Feldman, Laura Benanti","On the brink of losing her childhood home, Maddie discovers an intriguing job listing: wealthy helicopter parents looking for someone to “date” their introverted 19-year-old son, Percy, before he leaves for college. To her surprise, Maddie soon discovers the awkward Percy is no sure thing.",en,US
Beau Is Afraid,2023,"Comedy, Adventure, Fantasy",6.742,179,Ari Aster,Ari Aster,"Joaquin Phoenix, Patti LuPone, Amy Ryan","Following the sudden death of his mother, a mild-mannered but anxiety-ridden man confronts his darkest fears as he embarks on an epic, Kafkaesque odyssey back home.",en,US
The Nun II,2023,Horror,6.714,110,Michael Chaves,,"Taissa Farmiga, Jonas Bloquet, Storm Reid","In 1956 France, a priest is violently murdered, and Sister Irene begins to investigate. She once again comes face-to-face with a powerful evil.",en,US
No One Will Save You,2023,"Horror, Science Fiction, Thriller, Mystery",6.705,93,Brian Duffield,Brian Duffield,"Kaitlyn Dever, Elizabeth Kaluev, Zack Duhame",An exiled anxiety-ridden homebody must battle an alien who's found its way into her home.,en,US
The Canterville Ghost,2023,"Animation, Comedy, Family, Fantasy",6.7,89,Kim Burdon,,"Stephen Fry, Hugh Laurie, Freddie Highmore","An American family moves in to the Canterville Chase, a London mansion that has been haunted by ghost Sir Simon De Canterville for 300 years.",en,"US, GB, CA"
Mortal Kombat Legends: Cage Match,2023,"Animation, Action, Fantasy, Adventure",6.7,80,Ethan Spaulding,Jeremy Adams,"Joel McHale, Jennifer Grey, Dusan Brown","In 1980s Hollywood, action star Johnny Cage is looking to become an A-list actor. But when his costar, Jennifer, goes missing from set, Johnny finds himself thrust into a world filled with shadows, danger, and deceit. As he embarks on a bloody journey, Johnny quickly discovers the City of Angels has more than a few devils in its midst.",en,US
Blue Beetle,2023,"Action, Science Fiction, Adventure",6.7,128,Ángel Manuel Soto,Gareth Dunnet-Alcocer,"Xolo Mariduena, Bruna Marquezine, Susan Sarandon","Recent college grad Jaime Reyes returns home full of aspirations for his future, only to find that home is not quite as he left it. As he searches to find his purpose in the world, fate intervenes when Jaime unexpectedly finds himself in possession of an ancient relic of alien biotechnology: the Scarab.",en,US
The Great Escaper,2023,"History, Drama, War",6.7,96,Oliver Parker,William Ivory,"Michael Caine, Glenda Jackson, John Standing","In the summer of 2014, a World War II veteran sneaks out of his care home to attend the 70th anniversary commemoration of the D-Day landings in Normandy.",en,GB
Santa Isn't Real,2023,Horror,6.7,76,Zac Locke,Zac Locke,"Scarlett Sperduto, Kaya Coleman, Dana Millican","After suffering a brutal attack on Christmas Eve, Nikki struggles to convince her friends that the assailant was none other than Ol' Kris Kringle. When Santa returns to terrorize the group in their remote cabin the next Christmas, Nikki and her friends must overcome disbelief as they fight to stay alive.",en,US
Dumb Money,2023,"History, Comedy, Drama",6.689,105,Craig Gillespie,Rebecca Angelo,"Paul Dano, Shailene Woodley, America Ferrera","Vlogger Keith Gill sinks his life savings into GameStop stock and posts about it. When social media starts blowing up, so do his life and the lives of everyone following him. As a stock tip becomes a movement, everyone gets rich—until the billionaires fight back, and both sides find their worlds turned upside down.",en,US
Beautiful Disaster,2023,"Romance, Drama, Comedy",6.678,96,Roger Kumble,Roger Kumble,"Dylan Sprouse, Virginia Gardner, Austin North",College freshman Abby tries to distance herself from her dark past while resisting her attraction to bad boy Travis.,en,US
The Flash,2023,"Adventure, Action, Science Fiction",6.671,144,Andy Muschietti,,"Ezra Miller, Sasha Calle, Michael Keaton","When his attempt to save his family inadvertently alters the future, Barry Allen becomes trapped in a reality in which General Zod has returned and there are no Super Heroes to turn to. In order to save the world that he is in and return to the future that he knows, Barry's only hope is to race for his life. But will making the ultimate sacrifice be enough to reset the universe?",en,US
Dream Scenario,2023,"Comedy, Fantasy",6.651,102,Kristoffer Borgli,Kristoffer Borgli,"Nicolas Cage, Julianne Nicholson, Lily Bird","Hapless family man Paul Matthews finds his life turned upside down when millions of strangers suddenly start seeing him in their dreams. But when his nighttime appearances take a nightmarish turn, Paul is forced to navigate his newfound stardom.",en,US
May December,2023,Drama,6.612,117,Todd Haynes,,"Natalie Portman, Julianne Moore, Charles Melton","Twenty years after their notorious tabloid romance gripped the nation, a married couple buckles under the pressure when an actress arrives to do research for a film about their past.",en,US
Retribution,2023,"Thriller, Action, Adventure",6.609,91,Nimród Antal,,"Liam Neeson, Lilly Aspell, Jack Champion","When a mysterious caller plants a bomb under his car seat, a bank executive begins a high-speed chase across the city to complete a specific series of tasks — all with his kids trapped in the back seat.",en,US
The Monkey King,2023,"Animation, Fantasy, Adventure, Family, Comedy",6.6,92,Anthony Stacchi,,"Jimmy O. Yang, Bowen Yang, Jolie Hoang-Rappaport","A stick-wielding monkey teams with a young girl on an epic quest for immortality, battling demons, dragons, gods — and his own ego — along the way.",en,"CN, US"
The Mother,2023,"Action, Thriller",6.6,115,Niki Caro,Peter Craig,"Jennifer Lopez, Lucy Paez, Omari Hardwick","A deadly female assassin comes out of hiding to protect the daughter that she gave up years before, while on the run from dangerous men.",en,US
The Killer,2023,"Crime, Thriller",6.6,118,David Fincher,,"Michael Fassbender, Tilda Swinton, Charles Parnell","After a fateful miss, an assassin battles his employers, and himself, on an international manhunt he insists isn't personal.",en,US
Batman: The Doom That Came to Gotham,2023,"Animation, Fantasy, Action, Mystery",6.6,86,Sam Liu,Jase Ricci,"David Giuntoli, Patrick Fabian, John DiMaggio","Explorer Bruce Wayne accidentally unleashes an ancient evil, and returns to Gotham after being away for two decades. There, Batman battles Lovecraftian supernatural forces and encounters allies and enemies such as Green Arrow, Ra's al Ghul, Mr. Freeze, Killer Croc, Two-Face and James Gordon.",en,US
Crater,2023,"Science Fiction, Action, Adventure, Family",6.6,104,Kyle Patrick Alvarez,John Griffin,"Isaiah Russell-Bailey, Mckenna Grace, Billy Barratt","After the death of his father, a boy growing up on a lunar mining colony takes a trip to explore a legendary crater, along with his four best friends, prior to being permanently relocated to another planet.",en,US
A Haunting in Venice,2023,"Mystery, Thriller, Crime",6.6,104,Kenneth Branagh,,"Kenneth Branagh, Kyle Allen, Camille Cottin","Celebrated sleuth Hercule Poirot, now retired and living in self-imposed exile in Venice, reluctantly attends a Halloween séance at a decaying, haunted palazzo. When one of the guests is murdered, the detective is thrust into a sinister world of shadows and secrets.",en,"GB, US"
Ruthless,2023,"Action, Thriller",6.6,93,Art Camacho,Art Camacho,"Dermot Mulroney, Jeff Fahey, Melissa Diaz","A high school coach, whose teenage daughter was murdered, takes matters into his own hands by going after the men who kidnap his students for their sex trafficking operation.",en,US
Insidious: The Red Door,2023,"Horror, Thriller",6.577,107,Patrick Wilson,,"Ty Simpkins, Patrick Wilson, Rose Byrne","To put their demons to rest once and for all, Josh Lambert and a college-aged Dalton Lambert must go deeper into The Further than ever before, facing their family's dark past and a host of new and more horrifying terrors that lurk behind the red door.",en,US
Indiana Jones and the Dial of Destiny,2023,"Adventure, Action",6.563,155,James Mangold,David Koepp,"Harrison Ford, Phoebe Waller-Bridge, Mads Mikkelsen","Finding himself in a new era, and approaching retirement, Indy wrestles with fitting into a world that seems to have outgrown him. But as the tentacles of an all-too-familiar evil return in the form of an old rival, Indy must don his hat and pick up his whip once more to make sure an ancient and powerful artifact doesn't fall into the wrong hands.",en,US
LEGO Marvel Avengers: Code Red,2023,"Animation, Action, Family",6.539,46,Ken Cunningham,Eugene Son,"Laura Bailey, Trevor Devall, Haley Joel Osment","The Avengers gather to celebrate their latest victory, but their celebration is quickly interrupted by the mysterious disappearance of Black Widow's father, Red Guardian. As the Avengers investigate, they discover that Red Guardian isn't the only one missing when they meet a dangerous new foe quite unlike anything they've ever encountered before.",en,US
In the Land of Saints and Sinners,2023,"Action, Thriller",6.506,106,Robert Lorenz,Terry Loane,"Liam Neeson, Kerry Condon, Ciarán Hinds","In a remote Irish village, a damaged Finbar is forced to fight for redemption after a lifetime of sins, but what price is he willing to pay? In the land of saints and sinners, some sins can't be buried.",en,IE
Thanksgiving,2023,"Horror, Mystery, Thriller, Comedy",6.5,106,Eli Roth,,"Patrick Dempsey, Nell Verlaque, Addison Rae","After a Black Friday riot ends in tragedy, a mysterious Thanksgiving-inspired killer terrorizes Plymouth, Massachusetts - the birthplace of the holiday. Picking off residents one by one, what begins as random revenge killings are soon revealed to be part of a larger, sinister holiday plan.",en,US
Asteroid City,2023,"Comedy, Drama",6.5,105,Wes Anderson,,"Jason Schwartzman, Scarlett Johansson, Tom Hanks","In an American desert town circa 1955, the itinerary of a Junior Stargazer/Space Cadet convention is spectacularly disrupted by world-changing events.",en,US
Sniper: G.R.I.T. - Global Response & Intelligence Team,2023,"Action, Thriller",6.5,92,Oliver Thompson,Oliver Thompson,"Chad Michael Collins, Ryan Robbins, Luna Fujimoto","When an international terrorist cult threatens global political stability and kidnaps a fellow agent, Ace Sniper Brandon Beckett and the newly-formed Global Response & Intelligence Team – or G.R.I.T. – led by Colonel Stone must travel across the world to Malta, infiltrate the cult, and take out its leader to free Lady Death and stop the global threat.",en,US
The Devil Conspiracy,2023,"Horror, Fantasy, Science Fiction, Thriller",6.5,111,Nathan Frankowski,Ed Alan,"Alice Orr-Ewing, Joe Doyle, Eveline Hall","A powerful biotech company has breakthrough technology allowing them to clone history’s most influential people with just a few fragments of DNA. Behind this company is a cabal of Satanists that steals the shroud of Christ, putting them in possession of Jesus’ DNA. The clone will serve as the ultimate offering to the devil. The Archangel Michael comes to earth and will stop at nothing to end the devil’s conspiracy.",en,CZ
Renfield,2023,"Comedy, Horror, Action",6.5,93,Chris McKay,,"Nicholas Hoult, Nicolas Cage, Awkwafina","Having grown sick and tired of his centuries as Dracula's lackey, Renfield finds a new lease on life — and maybe even redemption — when he falls for feisty, perennially angry traffic cop Rebecca Quincy.",en,US
Black Lotus,2023,"Action, Crime, Mystery, Thriller",6.5,93,Todor Chapkanov,Tad Daggerhart,"Rico Verhoeven, Frank Grillo, Peter Franzén",An ex-special forces operative wages a one man war through the streets of Amsterdam to rescue his friend's daughter from the local crime syndicate.,en,"NL, US"
Haunted Mansion,2023,"Comedy, Drama, Fantasy",6.5,123,Justin Simien,Katie Dippold,"Rosario Dawson, Chase W. Dillon, LaKeith Stanfield",A woman and her son enlist a motley crew of so-called spiritual experts to help rid their home of supernatural squatters.,en,US
Baghead,2023,Horror,6.5,95,Alberto Corredor,Bryce McGuire,"Freya Allan, Jeremy Irvine, Ruby Barker","Following the death of her estranged father, Iris learns she has inherited a run-down, centuries-old pub. She travels to Berlin to identify her father’s body and meet with The Solicitor to discuss the estate. Little does she know, when the deed is signed she will become inextricably tied to an unspeakable entity that resides in the pub’s basement – Baghead – a shape-shifting creature that can transform into the dead.",en,GB
Magic Mike's Last Dance,2023,"Comedy, Drama, Romance",6.5,112,Steven Soderbergh,Reid Carolin,"Channing Tatum, Salma Hayek Pinault, Ayub Khan-Din","Mike Lane takes to the stage again after a lengthy hiatus, following a business deal that went bust, leaving him broke and taking bartender gigs in Florida. For what he hopes will be one last hurrah, Mike heads to London with a wealthy socialite who lures him with an offer he can’t refuse… and an agenda all her own. With everything on the line, once Mike discovers what she truly has in mind, will he—and the roster of hot new dancers he’ll have to whip into shape—be able to pull it off?",en,US
Meg 2: The Trench,2023,"Action, Science Fiction, Horror",6.5,116,Ben Wheatley,,"Jason Statham, Wu Jing, Shuya Sophia Cai",An exploratory dive into the deepest depths of the ocean of a daring research team spirals into chaos when a malevolent mining operation threatens their mission and forces them into a high-stakes battle for survival.,en,US
Shazam! Fury of the Gods,2023,"Comedy, Action, Fantasy",6.5,130,David F. Sandberg,Chris Morgan,"Zachary Levi, Asher Angel, Jack Dylan Grazer","Billy Batson and his foster siblings, who transform into superheroes by saying ""Shazam!"", are forced to get back into action and fight the Daughters of Atlas, who they must stop from using a weapon that could destroy the world.",en,US
Hell House LLC Origins: The Carmichael Manor,2023,"Horror, Mystery",6.5,98,Stephen Cognetti,Stephen Cognetti,"Bridget Rose Perrotta, Destiny Leilani Brown, James Liddell","A group of cold case investigators stay at the Carmichael Manor, site of the grisly and unsolved murders of the Carmichael family back in the eighties. After four nights, the group was never heard from again. What is discovered on their footage is even more disturbing than anything found on the Hell House tapes.",en,US
Muzzle,2023,"Action, Thriller",6.5,100,John Stalberg Jr.,Carlyle Eubank,"Aaron Eckhart, Stephen Lang, Diego Tinoco","LAPD K-9 officer Jake Rosser has just witnessed the shocking murder of his dedicated partner by a mysterious assailant. As he investigates the shooter’s identity, he uncovers a vast conspiracy that has a choke-hold on the city in this thrilling journey through the tangled streets of Los Angeles and the corrupt bureaucracy of the LAPD.",en,US
Cobweb,2023,Horror,6.5,88,Samuel Bodin,Chris Thomas Devlin,"Lizzy Caplan, Antony Starr, Cleopatra Coleman","Eight year old Peter is plagued by a mysterious, constant tapping from inside his bedroom wall—one that his parents insist is all in his imagination. As Peter's fear intensifies, he believes that his parents could be hiding a terrible, dangerous secret and questions their trustworthiness.",en,US
Operation Fortune: Ruse de Guerre,2023,"Action, Thriller, Comedy, Adventure",6.482,113,Guy Ritchie,Ivan Atkinson,"Jason Statham, Aubrey Plaza, Josh Hartnett",Special agent Orson Fortune and his team of operatives recruit one of Hollywood's biggest movie stars to help them on an undercover mission when the sale of a deadly new weapons technology threatens to disrupt the world order.,en,US
Origin,2023,Drama,6.481,141,Ava DuVernay,Ava DuVernay,"Aunjanue Ellis-Taylor, Niecy Nash-Betts, Jon Bernthal","While investigating the global phenomenon of caste and its dark influence on society, a journalist faces unfathomable personal loss and uncovers the beauty of human resilience.",en,US
Freelance,2023,"Action, Comedy",6.45,108,Pierre Morel,Jacob Lentz,"John Cena, Alison Brie, Juan Pablo Raba","An ex-special forces operative takes a job to provide security for a journalist as she interviews a dictator, but a military coup breaks out in the middle of the interview, they are forced to escape into the jungle where they must survive.",en,US
Murder Mystery 2,2023,"Mystery, Comedy, Crime",6.419,91,Jeremy Garelick,James Vanderbilt,"Adam Sandler, Jennifer Aniston, Mark Strong","After starting their own detective agency, Nick and Audrey Spitz land a career-making case when their billionaire pal is kidnapped from his wedding.",en,US
The Devil Comes at Night,2023,Horror,6.409,80,Scott Leaver,Ryan Allen,"Jason Martorino, Elias Zarou, Shawn Ahmed",A washed up boxer searching for his inheritance must fight for his life when he is trapped in his deceased father's farmhouse by a local cannibal cult.,en,US
Leave the World Behind,2023,"Drama, Mystery, Thriller",6.401,142,Sam Esmail,,"Julia Roberts, Ethan Hawke, Mahershala Ali",A family's getaway to a luxurious rental home takes an ominous turn when a cyberattack knocks out their devices—and two strangers appear at their door.,en,US
King of Killers,2023,"Action, Thriller",6.4,91,Kevin Grevioux,Kevin Grevioux,"Alain Moussi, Frank Grillo, Marie Avgeropoulos","Garan is a part of a group of international hitmen who are contracted to take out the most dangerous killer in the world, only to find out that they're the ones being hunted.",en,US
Family Switch,2023,"Comedy, Fantasy, Family",6.4,106,McG,Adam Sztykiel,"Jennifer Garner, Ed Helms, Emma Myers","When the Walker family members switch bodies with each other during a rare planetary alignment, their hilarious journey to find their way back to normal will bring them closer together than they ever thought possible.",en,US
The Boogeyman,2023,"Horror, Thriller, Mystery",6.4,99,Rob Savage,,"Sophie Thatcher, Vivien Lyra Blair, Chris Messina","Still reeling from the tragic death of their mother, a teenage girl and her younger sister find themselves plagued by a sadistic presence in their house and struggle to get their grieving father to pay attention before it’s too late.",en,US
Reality,2023,"Drama, Thriller",6.4,83,Tina Satter,,"Sydney Sweeney, Josh Hamilton, Marchánt Davis","Augusta, Georgia, United States, June 3, 2017. After running some errands, Reality Winner returns home, where she is approached by two men.",en,"FR, GB, US"
Polite Society,2023,"Comedy, Action, Drama",6.4,104,Nida Manzoor,Nida Manzoor,"Priya Kansara, Ritu Arya, Shobu Kapoor","Martial artist-in-training Ria Khan believes she must save her older sister Lena from her impending marriage. After enlisting the help of her friends, Ria attempts to pull off the most ambitious of all wedding heists in the name of independence and sisterhood.",en,GB
Knights of the Zodiac,2023,"Fantasy, Action, Adventure",6.4,113,Tomek Bagiński,,"Mackenyu, Madison Iseman, Diego Tinoco","When a headstrong street orphan, Seiya, in search of his abducted sister unwittingly taps into hidden powers, he discovers he might be the only person alive who can protect a reincarnated goddess, sent to watch over humanity. Can he let his past go and embrace his destiny to become a Knight of the Zodiac?",en,JP
The Inseparables,2023,"Animation, Adventure, Comedy, Family",6.4,90,Jérémie Degruson,,"Monica Young, Danny Fehsenfeld, Olivier Paris","The animated buddy movie follows the misadventures of Don, a runaway puppet with boundless imaginations, and DJ Doggy Dog, an abandoned plush looking for a friend, who cross paths in Central Park and team up against all odds for a epic friendship adventure in New York.",en,"BE, FR, ES"
You Are So Not Invited to My Bat Mitzvah,2023,Comedy,6.4,103,Sammi Cohen,,"Sunny Sandler, Samantha Lorraine, Dylan Hoffman",Stacy and Lydia are BFFs who've always dreamed about having epic bat mitzvahs. But things start to go comically awry when a popular boy and middle school drama threatens their friendship and their rite of passage.,en,US
Golda,2023,"Drama, History, War",6.4,101,Guy Nattiv,Nicholas Martin,"Helen Mirren, Camille Cottin, Liev Schreiber","Set during the tense 19 days of the Yom Kippur War in 1973, Israeli Prime Minister Golda Meir is faced with the potential of Israel’s complete destruction. She must navigate overwhelming odds, a skeptical cabinet and a complex relationship with US Secretary of State Henry Kissinger, with millions of lives in the balance. Her tough leadership and compassion would ultimately decide the fate of her nation and leave her with a controversial legacy around the world.",en,"GB, US"
Fair Play,2023,"Drama, Thriller, Romance",6.4,113,Chloe Domont,Chloe Domont,"Phoebe Dynevor, Alden Ehrenreich, Eddie Marsan","An unexpected promotion at a cutthroat hedge fund pushes a young couple's relationship to the brink, threatening to unravel not only their recent engagement but their lives.",en,US
Ferrari,2023,"History, Drama",6.399,131,Michael Mann,Troy Kennedy Martin,"Adam Driver, Penélope Cruz, Shailene Woodley","Set during the summer of 1957. Ex-racecar driver, Enzo Ferrari, is in crisis. Bankruptcy stalks the company he and his wife, Laura, built from nothing ten years earlier. Their tempestuous marriage struggles with the mourning for one son and the acknowledgement of another.",en,IT
The Mummy Resurrection,2023,Horror,6.363,88,Steve Lawson,Steve Lawson,"Carl Wharton, Chris Bell, Marcus Langford","When an infamous ""cursed"" Egyptian sarcophagus falls into the hands of unscrupulous huckster Everett Randolph, he becomes obsessed with resurrecting the mummified princess held within it.",en,GB
Napoleon,2023,"History, War, Romance",6.362,158,Ridley Scott,David Scarpa,"Joaquin Phoenix, Vanessa Kirby, Tahar Rahim","An epic that details the checkered rise and fall of French Emperor Napoleon Bonaparte and his relentless journey to power through the prism of his addictive, volatile relationship with his wife, Josephine.",en,US
The Little Mermaid,2023,"Adventure, Family, Fantasy, Romance",6.3,135,Rob Marshall,,"Halle Bailey, Jonah Hauer-King, Melissa McCarthy","The youngest of King Triton’s daughters, and the most defiant, Ariel longs to find out more about the world beyond the sea, and while visiting the surface, falls for the dashing Prince Eric. With mermaids forbidden to interact with humans, Ariel makes a deal with the evil sea witch, Ursula, which gives her a chance to experience life on land, but ultimately places her life – and her father’s crown – in jeopardy.",en,US
The Flood,2023,"Action, Mystery, Thriller, Horror",6.3,93,Brandon Slagle,Josh Ridgway,"Nicky Whelan, Casper Van Dien, Louis Mandylor",A horde of giant hungry alligators is unleashed on a group of in-transit prisoners and their guards after a massive hurricane floods Louisiana.,en,US
The Wrath of Becky,2023,"Action, Horror, Thriller",6.3,83,Suzanne Coote,,"Lulu Wilson, Seann William Scott, Denise Burse","Two years after she escaped a violent attack on her family, 16-year-old Becky attempts to rebuild her life in the care of an older woman -- a kindred spirit named Elena. However, when a violent group known as the Noble Men break into their home, attack them and take their beloved dog, Becky must return to her old ways to protect herself and her loved ones.",en,US
How to Have Sex,2023,Drama,6.3,91,Molly Manning Walker,,"Mia McKenna-Bruce, Lara Peake, Enva Lewis","Three British teenage girls go on a rites-of-passage holiday—drinking, clubbing and hooking up, in what should be the best summer of their lives.",en,GB
Ant-Man and the Wasp: Quantumania,2023,"Action, Adventure, Science Fiction",6.298,125,Peyton Reed,Jeff Loveness,"Paul Rudd, Evangeline Lilly, Michael Douglas","Super-Hero partners Scott Lang and Hope van Dyne, along with with Hope's parents Janet van Dyne and Hank Pym, and Scott's daughter Cassie Lang, find themselves exploring the Quantum Realm, interacting with strange new creatures and embarking on an adventure that will push them beyond the limits of what they thought possible.",en,US
Knock at the Cabin,2023,"Horror, Mystery, Thriller",6.276,100,M. Night Shyamalan,,"Ben Aldridge, Jonathan Groff, Kristen Cui","While vacationing at a remote cabin, a young girl and her two fathers are taken hostage by four armed strangers who demand that the family make an unthinkable choice to avert the apocalypse. With limited access to the outside world, the family must decide what they believe before all is lost.",en,US
Rebel Moon - Part One: A Child of Fire,2023,"Science Fiction, Drama, Action, War",6.275,134,Zack Snyder,,"Sofia Boutella, Michiel Huisman, Ed Skrein","When the ruthless forces of the Motherworld threaten a quiet farming village on a distant moon, a mysterious outsider becomes its best hope for survival.",en,US
There's Something in the Barn,2023,"Horror, Comedy, Fantasy",6.2,100,Magnus Martens,Aleksander Kirkwood Brown,"Martin Starr, Amrita Acharia, Kiran Shah",An American family fulfills their dream of moving back to their roots after inheriting a remote cabin in the mountains of Norway. But there's a surprise waiting for them.,en,"FI, LT, NO"
Out of Exile,2023,"Thriller, Drama, Action, Crime",6.2,107,Kyle Kauwika Harris,Kyle Kauwika Harris,"Adam Hampton, Karrie Cox, Kyle Jacob Henry","Recently paroled thief Gabriel Russell tries to balance his life and mend a troubled family as an FBI agent hunts him down, along with his crew after a botched armored car robbery.",en,US
Hypnotic,2023,"Mystery, Thriller, Science Fiction, Action",6.2,93,Robert Rodriguez,,"Ben Affleck, Alice Braga, William Fichtner",A detective becomes entangled in a mystery involving his missing daughter and a secret government program while investigating a string of reality-bending crimes.,en,US
Silent Night,2023,"Action, Thriller",6.2,104,John Woo,Robert Archer Lynn,"Joel Kinnaman, Kid Cudi, Harold Torres","A tormented father witnesses his young son die when caught in a gang's crossfire on Christmas Eve. While recovering from a wound that costs him his voice, he makes vengeance his life's mission and embarks on a punishing training regimen in order to avenge his son's death.",en,US
Fast Charlie,2023,"Action, Crime, Drama",6.2,90,Phillip Noyce,,"Pierce Brosnan, Morena Baccarin, James Caan","When his aging mob boss is whacked, Charlie Swift, a loyal friend and hired gun, will stop at nothing to destroy the upcoming crew that took him out.",en,US
Expend4bles,2023,"Action, Adventure, Thriller",6.138,103,Scott Waugh,,"Jason Statham, 50 Cent, Megan Fox","Armed with every weapon they can get their hands on and the skills to use them, The Expendables are the world’s last line of defense and the team that gets called when all other options are off the table. But new team members with new styles and tactics are going to give “new blood” a whole new meaning.",en,US
57 Seconds,2023,"Thriller, Science Fiction, Action",6.13,99,Rusty Cundieff,,"Josh Hutcherson, Morgan Freeman, Lovie Simone","When a tech blogger lands an interview with a tech guru and stops an attack on him, he finds a mysterious ring that takes him back 57 seconds into the past.",en,US
Mafia Mamma,2023,"Comedy, Crime, Action",6.1,101,Catherine Hardwicke,,"Toni Collette, Monica Bellucci, Sophia Nomvete","A suburban American woman inherits her grandfather’s Mafia empire and, guided by the Firm’s trusted consigliere, defies everyone’s expectations, including her own, as the new head of the family business.",en,US
The Island,2023,"Action, Crime, Thriller",6.1,93,Shaun Paul Piccinino,Michael Caissie,"Michael Jai White, Jackson Rathbone, Gillian White","When his brother is killed, LAPD officer Mark leaves the city to return to the island he grew up on. Seeking answers and ultimately vengeance, he soon finds himself in a bloody battle with the corrupt tycoon who's taken over the island paradise.",en,KN
Sanctuary,2023,"Drama, Thriller",6.1,96,Zachary Wigon,,"Margaret Qualley, Christopher Abbott, Danita Battle","Confined to a claustrophobic hotel room, the heir to a hotel empire and the dominatrix who has primed him for success become locked in a battle of wits and wills as he tries to end his relationship with her.",en,US
God Is a Bullet,2023,"Thriller, Action, Crime",6.09,155,Nick Cassavetes,,"Maika Monroe, Nikolaj Coster-Waldau, Karl Glusman","Vice detective Bob Hightower finds his ex-wife murdered and daughter kidnapped by a cult. Frustrated by the botched official investigations, he quits the force and infiltrates the cult to hunt down the leader with the help of the cult’s only female victim escapee, Case Hardin.",en,US
Fear the Night,2023,"Action, Thriller",6.074,92,Neil LaBute,Neil LaBute,"Maggie Q, Kat Foster, Travis Hammer","During a bachelorette party in a secluded California farmhouse, masked intruders launch a brutal attack, forcing eight women to fight for survival. Led by Tess, a troubled military veteran, they unite to defend themselves throughout a harrowing night.",en,US
Infinity Pool,2023,"Horror, Science Fiction",6.07,118,Brandon Cronenberg,Brandon Cronenberg,"Alexander Skarsgård, Mia Goth, Cleopatra Coleman","While staying at an isolated island resort, James and Em are enjoying a perfect vacation of pristine beaches, exceptional staff, and soaking up the sun. But guided by the seductive and mysterious Gabi, they venture outside the resort grounds and find themselves in a culture filled with violence, hedonism, and untold horror. A tragic accident leaves them facing a zero tolerance policy for crime: either you'll be executed, or, if you’re rich enough to afford it, you can watch yourself die instead.",en,CA
Cocaine Bear,2023,"Thriller, Comedy, Crime",6.041,95,Elizabeth Banks,Jimmy Warden,"Keri Russell, Alden Ehrenreich, O'Shea Jackson Jr.","Inspired by a true story, an oddball group of cops, criminals, tourists and teens converge in a Georgia forest where a 500-pound black bear goes on a murderous rampage after unintentionally ingesting cocaine.",en,US
The Marvels,2023,"Science Fiction, Adventure, Action",6.027,105,Nia DaCosta,Elissa Karasik,"Brie Larson, Teyonah Parris, Iman Vellani","Carol Danvers, aka Captain Marvel, has reclaimed her identity from the tyrannical Kree and taken revenge on the Supreme Intelligence. But unintended consequences see Carol shouldering the burden of a destabilized universe. When her duties send her to an anomalous wormhole linked to a Kree revolutionary, her powers become entangled with that of Jersey City super-fan Kamala Khan, aka Ms. Marvel, and Carol’s estranged niece, now S.A.B.E.R. astronaut Captain Monica Rambeau. Together, this unlikely trio must team up and learn to work in concert to save the universe.",en,US
Alice in Terrorland,2023,"Horror, Thriller",6.009,77,Richard John Taylor,Richard John Taylor,"Lizzy Willis, Rula Lenska, Jon-Paul Gates","A recently bereaved teenage girl goes to live with her aunt in a secluded woodland house, unaware that sinister forces lurk within.",en,GB
The Out-Laws,2023,"Romance, Action, Comedy",6.0,95,Tyler Spindel,Ben Zazove,"Adam Devine, Nina Dobrev, Pierce Brosnan","A straight-laced bank manager is about to marry the love of his life. When his bank is held up by infamous Ghost Bandits during his wedding week, he believes his future in-laws who just arrived in town, are the infamous Out-Laws.",en,US
Sympathy for the Devil,2023,"Thriller, Action",6.0,90,Yuval Adler,Luke Paradise,"Nicolas Cage, Joel Kinnaman, Alexis Zollicoffer","After being forced to drive a mysterious passenger at gunpoint, a man finds himself in a high-stakes game of cat and mouse where it becomes clear that not everything is as it seems.",en,US
The Black Demon,2023,"Thriller, Drama, Horror",6.0,101,Adrian Grünberg,Boise Esquerra,"Josh Lucas, Fernanda Urrejola, Julio Cesar Cedillo","Oilman Paul Sturges' idyllic family vacation turns into a nightmare when they encounter a ferocious megalodon shark that will stop at nothing to protect its territory. Stranded and under constant attack, Paul and his family must somehow find a way to get his family back to shore alive before it strikes again in this epic battle between humans and nature.",en,US
Monolith,2023,"Horror, Mystery, Science Fiction, Thriller",6.0,94,Matt Vesely,Lucy Campbell,"Lily Sullivan, Ling Cooper Tang, Ansuya Nathan","A desperate young journalist turns to podcasting to salvage her career, but her rush to make headlines leads her to an alien conspiracy.",en,AU
Spy Kids: Armageddon,2023,"Family, Comedy, Adventure, Science Fiction",6.0,94,Robert Rodriguez,Robert Rodriguez,"Connor Esterson, Everly Carganilla, Zachary Levi","When the children of the world’s greatest secret agents unwittingly help a powerful game developer unleash a computer virus that gives him control of all technology, they must become spies themselves to save their parents and the world.",en,US
The Five,2023,Western,6.0,75,Travis Mills,Travis Mills,"John Marrs, Todd South, Tom Dragt","A scorned woman enlists the help of five strangers to execute a bank robbery. Tensions rise as the men anxiously await her arrival with the money, leaving the crew to wonder if they have been betrayed.",en,US
Role Play,2023,"Action, Comedy, Romance",6.0,101,Thomas Vincent,,"Kaley Cuoco, David Oyelowo, Bill Nighy",Emma has a wonderful husband and two kids in the suburbs of New Jersey – she also has a secret life as an assassin for hire – a secret that her husband David discovers when the couple decide to spice up their marriage with a little role play.,en,US
Freddy's Fridays,2023,Horror,6.0,77,Ben J. Williams,Charlie Carter,"Danielle Scott, Lauren Budd, Matthew Baunsgard","A detective begins to investigate a series of mysterious murders that are connected to a demonic book that brings dolls to life. As the body count begins to rise, the detective soon learns the curse of the demonic Friday and must find a way to stop it before any others disappear.",en,GB
Vikings: Battle of Heirs,2023,Action,6.0,82,Robin Keane,,"Amber Doig-Thorne, Iris Papas, Gaston Alexander","A young Viking must come to terms with the realization that he may be the King's son, who was switched at birth, but not before others try to take his rightful place.",en,"US, GB"
65,2023,"Action, Adventure, Science Fiction",5.964,92,Scott Beck,Bryan Woods,"Adam Driver, Ariana Greenblatt, Chloe Coleman","65 million years ago, the only 2 survivors of a spaceship from Somaris that crash-landed on Earth, must fend off dinosaurs to reach the escape vessel in time before an imminent asteroid strike threatens to destroy the planet.",en,US
Brooklyn 45,2023,"Horror, Thriller, History",5.943,93,Ted Geoghegan,Ted Geoghegan,"Anne Ramsay, Ezra Buzzington, Jeremy Holm","Five military veterans, best friends since childhood, gather together in a Brooklyn brownstone several months after the end of World War II, and the metaphoric ghosts of their past become all-too-literal.",en,US
Boudica,2023,"Action, War",5.922,101,Jesse V. Johnson,Jesse V. Johnson,"Olga Kurylenko, Peter Franzén, Clive Standen","Inspired by events in A.D. 60, Boudica follows the eponymous Celtic warrior who rules the Iceni people alongside her husband Prasutagus. When he dies at the hands of Roman soldiers, Boudica’s kingdom is left without a male heir and the Romans seize her land and property.  Driven to the edge of madness and determined to avenge her husband’s death, Boudica rallies the various tribes from the region and wages an epic war against the mighty Roman empire.",en,GB
The Kill Room,2023,"Comedy, Crime",5.918,98,Nicol Paone,Jonathan Jacobson,"Uma Thurman, Joe Manganiello, Samuel L. Jackson","A hitman, his boss, an art dealer and a money-laundering scheme that accidentally turns the assassin into an overnight avant-garde sensation, one that forces her to play the art world against the underworld.",en,US
Die Hart,2023,"Comedy, Action, Thriller",5.9,84,Eric Appel,Derek Kolstad,"Kevin Hart, John Travolta, Nathalie Emmanuel","Kevin Hart - playing a version of himself - is on a death-defying quest to become an action star. And with a little help from John Travolta, Nathalie Emmanuel, and Josh Hartnett - he just might pull it off.",en,US
The Exorcist: Believer,2023,"Horror, Thriller",5.9,111,David Gordon Green,,"Leslie Odom Jr., Lidya Jewett, Olivia O'Neill","Since his wife's death, Victor has raised his daughter Angela alone. After she and her friend return from a three-day disappearance with missing memories, they begin displaying frightening behavior reminiscent of the MacNeil possession fifty years prior.",en,US
The Bricklayer,2023,"Action, Thriller",5.8,110,Renny Harlin,,"Aaron Eckhart, Nina Dobrev, Clifton Collins Jr.","Someone is blackmailing the CIA by assassinating foreign journalists and making it look like the agency is responsible. As the world begins to unite against the U.S., the CIA must lure its most brilliant – and rebellious – operative out of retirement, forcing him to confront his checkered past while unraveling an international conspiracy.",en,US
Ape vs Mecha Ape,2023,"Action, Science Fiction",5.8,80,Marc Gottlieb,Marc Gottlieb,"Tom Arnold, Eugenia Kuzmina, Corbin Timbrook","Recognizing the destructive power of its captive giant Ape, the military makes its own battle-ready A.I., Mecha Ape. But its first practical test goes horribly wrong, leaving the military no choice but to release the imprisoned giant ape to stop the colossal robot before it destroys downtown Chicago.",en,US
The Ritual Killer,2023,"Mystery, Thriller, Action, Drama",5.8,92,George Gallo,,"Morgan Freeman, Cole Hauser, Vernon Davis","Unable to process the death of his daughter, Detective Boyd embarks on a hunt for a serial killer who murders according to a brutal tribal ritual: Muti. The only person who can help Boyd is Professor Mackles, an anthropologist who hides an unspeakable secret. The line between sanity and madness thins as Boyd goes deeper into the killer’s world.",en,US
Exorcism in Utero,2023,Horror,5.7,88,Erik Skybak,Erik Skybak,"Allegra Sweeney, Calvin Morie McCarthy, Neil Green","Herma finds a powerful ring that possesses her when she tries it on; as her body transforms and mind begins to deteriorate, she must find a way out to save herself and her unborn baby.",en,US
You're Killing Me,2023,"Horror, Thriller, Action",5.7,95,Beth Hanna,Walker Hare,"McKaley Miller, Dermot Mulroney, Anne Heche","Eden goes to a coveted 'Heaven and Hell' party, hoping to get a letter of recommendation to an elite university from the wealthy parents of her classmate, but the party quickly turns into a fight for her life.",en,US
The Collective,2023,"Action, Thriller",5.638,86,Tom DeNucci,Jason James,"Lucas Till, Ruby Rose, Tyrese Gibson","A group of righteous assassins called The Collective take aim at a highly sophisticated human trafficking ring backed by a network of untouchable billionaires. With their backs against the wall, The Collective has no choice but to put their most important mission in the hands of rookie assassin, Sam Alexander.",en,US
Pet Sematary: Bloodlines,2023,"Horror, Fantasy",5.613,87,Lindsey Anderson Beer,Lindsey Anderson Beer,"Jackson White, Forrest Goodluck, Jack Mulhern","In 1969, young Jud Crandall has dreams of leaving his hometown behind, but soon discovers sinister secrets buried within and is forced to confront a dark family history that forever binds him to Ludlow.",en,US
All Fun and Games,2023,"Horror, Thriller",5.6,86,Ari Costa,J.J. Braider,"Asa Butterfield, Natalia Dyer, Benjamin Evan Ainsworth","A group of Salem teens discover a cursed knife that unleashes a demon that forces them to play gruesome, deadly versions of childhood games where there can be no winners, only survivors.",en,US
Peter Pan & Wendy,2023,"Family, Fantasy, Action, Adventure",5.5,106,David Lowery,,"Alexander Molony, Ever Anderson, Jude Law","Wendy Darling, a young girl afraid to leave her childhood home behind, meets Peter Pan, a boy who refuses to grow up. Alongside her brothers and a tiny fairy, Tinker Bell, she travels with Peter to the magical world of Neverland. There, she encounters an evil pirate captain, Captain Hook, and embarks on a thrilling adventure that will change her life forever.",en,US
Operation Black Ops,2023,"Action, Thriller",5.5,80,Jamaal Burden,Jamaal Burden,"Tito Ortiz, Cristiane Justino, Kelsey Johnson","A group of mercenaries are hired to overthrow a Neo-Nazi stronghold nestled deep in the heart of Texas, only to discover they are protecting nuclear codes that could ignite World War III.",en,US
Deliver Us,2023,Horror,5.5,102,Lee Roy Kunz,Lee Roy Kunz,"Lee Roy Kunz, Maria Vera Ratti, Alexander Siddig","When a nun in a remote convent claims immaculate conception, the Vatican sends a team of priests to investigate, concerned about an ancient prophecy that a woman will give birth to twin boys: one the Messiah, the other the Antichrist.",en,US
Deep Fear,2023,"Horror, Thriller, Action, Mystery",5.4,84,Marcus Adams,Sophia Eptamenitis,"Mădălina Ghenea, Ed Westwick, Macarena Gómez",A solo trip aboard a yacht takes a terrifying turn when a woman encounters three drug traffickers clinging to the shattered remains of a boat. They soon force her to dive into shark-infested waters to retrieve kilos of cocaine from the sunken wreck.,en,GB
Skal: Fight for Survival,2023,"Action, Horror, Comedy, Thriller",5.4,77,Benjamin Cappelletti,Benjamin Cappelletti,"Evan Marsh, Chris Sandiford, Mariah Inger","My name's Arthur, a huge Internet star who's just hit 3 million subs. While in the midst of throwing an epic party to celebrate, the universe had the balls to bring on the effing apocalypse and cut my night short. What was supposed to be a perfect hangover, has turned into an epic fight for survival.",en,CA
Last Sentinel,2023,"Science Fiction, Thriller",5.4,112,Tanel Toom,Malachi Smyth,"Kate Bosworth, Lucien Laviscount, Martin McCann","Set in the future on a war-ravaged Earth, four exhausted soldiers man Sentinel - a remote military base in a vast ocean that separates two warring continents. While their tour of duty ended three months ago, the relief crew still hasn't arrived and as the empty weeks turn to months, paranoia descends, testing relationships to breaking point...",en,"GB, EE"
Transmorphers: Mech Beasts,2023,"Action, Science Fiction",5.4,84,Michael Su,Joe Roche,"Tom Arnold, Tania Fox, Jolene Anderson","20 years after the events of Transmorphers, a newer, more advanced species of alien robot descends on a rebuilt Earth, threatening once again to destroy the planet.",en,US
Haunting of the Queen Mary,2023,"Horror, Thriller, Mystery",5.26,124,Gary Shore,Tom Vaughan,"Alice Eve, Joel Fry, Nell Hudson","When photographers Erin and Patrick are brought aboard the ship with their young son Lukas, they unleash a series of events that entwines their family with the ship’s dark past. As the terror unfolds around them they begin to realise there is more to this sumptuous ocean liner than meets the eye: its remarkable legacy masking violent secrets.",en,GB
Gods of the Deep,2023,"Science Fiction, Thriller, Horror",5.1,80,Charlie Steeds,Charlie Steeds,"Derek Nelson, Makenna Guyler, Rory Wilton","When a daring mission leads a deep sea submarine team into a mysterious opening on the ocean floor, they uncover a lost underwater world and awaken its ancient race of otherworldly beings.",en,GB
War of the Worlds: The Attack,2023,"Science Fiction, Mystery, Thriller",5.1,87,Junaid Syed,,"Sam Gittins, Leo Staar, Vincent Regan",Three young astronomers fight to survive a deadly Martian invasion.,en,GB
The Quest for Tom Sawyer's Gold,2023,"Adventure, Family",5.023,88,Kirk Harris,Jerome Reygner-Kalfon,"Stephen A. Elkins, Max Purget, Bobby Ray Thompson III","Agatha Armstrong and her trusty sidekick Mrs. Mac were once the world’s most daring adventurers. But when her son Ant came along, everything quickly changed and her devil-may-care ways took a backseat to being over-protective and terrified of anything that posed a risk to her family.",en,US
Johnny & Clyde,2023,"Action, Thriller, Crime",5.0,100,Tom DeNucci,Tom DeNucci,"Avan Jogia, Ajani Russell, Megan Fox","Johnny and Clyde are two serial killers who are madly in love and on an endless crime spree. Alana (Megan Fox) is the confident and cunning owner of a prosperous casino that generates tens of millions of dollars each year. Johnny and Clyde decide to assemble a ragtag group of criminals and misfits to steal from Alana's casino and pull off the heist of the century. Unfortunately for Johnny and Clyde's crew, Alana has a deadly weapon at her disposal – the monstrous slasher spirit known as Bakwas.",en,US
Black Noise,2023,"Action, Science Fiction, Horror, Thriller",4.9,86,Philippe Martinez,Sean-Michael Argo,"Jackson Rathbone, Alex Pettyfer, Eve Mauro","Members of an elite security team deployed to rescue a VIP on an exclusive island.The rescue mission becomes a desperate attempt to survive, escape the island and elude the sinister presence that seeks to harm them.",en,US
Elevator Game,2023,Horror,4.9,94,Rebekah McKendry,Travis Seppala,"Gino Anania, Verity Marks, Alec Carlos","Socially awkward teenager Ryan discovers that the night his sister disappeared, she had played 'The Elevator Game' — a ritual conducted in an elevator in which players attempt to travel to another dimension using a set of rules found online. Ignoring warnings, he resolves to follow and find her.",en,US
3 Days in Malay,2023,"Action, Adventure, War",4.8,99,Louis Mandylor,Brandon Slagle,"Louis Mandylor, Donald Cerrone, Quinton 'Rampage' Jackson","Marines stationed at an airfield in Malay during WWII get wind of a coming raid by the Japanese. Unable to get reinforcements approved, they engage in a harrowing 3-day battle against enemy forces.",en,US
Woman in the Maze,2023,"Horror, Thriller",4.353,101,Mitesh Kumar Patel,Scott Gore,"Meredith VanCuyk, Joey Heyworth, Sean J. Dillingham","A young woman rents a cursed house, forcing her to solve the mystery to find a way out.",en,US
Hunting Games,2023,"Action, Thriller, TV Movie",4.214,94,Justin Lee,Justin Lee,"Chris 'C.T.' Tamburello, Tito Ortiz, Bruce Dern","When a group of ex-military members is hired to retrieve a lost bag of stolen money, their mission becomes more difficult after a lone hunter finds the bag first.",en,US
Birder,2023,"Thriller, Drama",3.2,87,Nate Dushku,,"Michael Emery, David J. Cork, Cody Sloan","Kristian Brooks, a birdwatcher, invades a nude campground in New Hampshire, ensnaring locals with his dark fetish, highlighting the dangers of consent.",en,US
Katie's Mom,2023,"Comedy, Drama, Romance",3.0,111,Tyrrell Shaffner,Tyrrell Shaffner,"Dina Meyer, Aaron Dominguez, Julia Tolchin","A recent divorcee's holiday celebration with her adult children derails when she falls for her daughter's charming new boyfriend. A comedy influenced by ""The Graduate,"" told from the perspective of a protagonist inspired by Mrs. Robinson.",en,US
The Cab,2023,"Drama, Fantasy",0.0,19,Nicole Melillo,Nicole Melillo,"Hana Chamoun, Michael Siberry","Through a fantastical NYC taxicab ride, a lost young woman determines her final resting place.",en,US
